OBJECTID,VALUE,COUNT,AREA,MIN,MAX,RANGE,MEAN,STD,SUM
-1,670493,12,12.000000000000000,8.986200332641602,9.336600303649902,0.350399971008301,9.137838284174601,0.112259158615975,109.654059410095215